Вариант;Поз.;Наименование;Кол.;Размер, мм
Полки;1;Боковина, трапеция;2;900 × 220…300 × 18
Полки;2;Полка нижняя, верх 18;1;1254 × 220 × 18
Полки;3;Полка средняя, верх 459;1;1254 × 259 × 18
Полки;4;Полка верхняя, верх 900;1;1254 × 298 × 18
Тумба с дверками;1;Боковина, трапеция;2;882 × 202…280 × 18
Тумба с дверками;2;Крышка накладная;1;1290 × 300 × 18
Тумба с дверками;3;Дно, верх 78;1;1254 × 207 × 18
Тумба с дверками;4;Полка, верх 489;1;1254 × 243 × 18
Тумба с дверками;5;Дверка накладная;2;643 × 800 × 18
Тумба с дверками;6;Цоколь;1;1254 × 60 × 18
Тумба с дверками;7;Петля Ø35, 110°;4;вкладка 100 мм
Шесть ячеек;1;Боковина, трапеция;2;900 × 220…300 × 18
Шесть ячеек;2;Разделитель, трапеция;2;900 × 220…300 × 18
Шесть ячеек;3;Полка нижняя, верх 18;3;406 × 220 × 18
Шесть ячеек;4;Полка средняя, верх 459;3;406 × 259 × 18
Шесть ячеек;5;Полка верхняя, верх 900;3;406 × 298 × 18
Шесть ячеек, низ под обувь;1;Боковина, трапеция;2;855 × 220…296 × 27
Шесть ячеек, низ под обувь;2;Столешница накладная;1;1270 × 300 × 45
Шесть ячеек, низ под обувь;3;Полка нижняя, верх 167;1;1216 × 232 × 27
Шесть ячеек, низ под обувь;4;Разделитель, на нижней полке;2;688 × 234…296 × 27
Шесть ячеек, низ под обувь;5;Полка средняя, край, верх 524;2;387 × 264 × 27
Шесть ячеек, низ под обувь;6;Полка средняя, центр, верх 524;1;388 × 264 × 27
